{
	"partitions" : [
		{
			"name" : "Top",
			"pins" : [
				{
					"name" : "RegDst",
					"strict" : false
				},
				{
					"name" : "ALUsrc",
					"strict" : false
				},
				{
					"name" : "Jump",
					"strict" : false
				},
				{
					"name" : "Jal",
					"strict" : false
				},
				{
					"name" : "JR",
					"strict" : false
				},
				{
					"name" : "Beq",
					"strict" : false
				},
				{
					"name" : "Bne",
					"strict" : false
				},
				{
					"name" : "MemRead",
					"strict" : false
				},
				{
					"name" : "MemWrite",
					"strict" : false
				},
				{
					"name" : "RegWrite",
					"strict" : false
				},
				{
					"name" : "ALUControl[0]",
					"strict" : false
				},
				{
					"name" : "ALUControl[1]",
					"strict" : false
				},
				{
					"name" : "ALUControl[2]",
					"strict" : false
				},
				{
					"name" : "ALUControl[3]",
					"strict" : false
				},
				{
					"name" : "funct[4]",
					"strict" : false
				},
				{
					"name" : "funct[6]",
					"strict" : false
				},
				{
					"name" : "funct[7]",
					"strict" : false
				},
				{
					"name" : "opcode[0]",
					"strict" : false
				},
				{
					"name" : "opcode[2]",
					"strict" : false
				},
				{
					"name" : "opcode[3]",
					"strict" : false
				},
				{
					"name" : "opcode[5]",
					"strict" : false
				},
				{
					"name" : "funct[5]",
					"strict" : false
				},
				{
					"name" : "funct[0]",
					"strict" : false
				},
				{
					"name" : "funct[1]",
					"strict" : false
				},
				{
					"name" : "funct[2]",
					"strict" : false
				},
				{
					"name" : "funct[3]",
					"strict" : false
				},
				{
					"name" : "opcode[1]",
					"strict" : false
				},
				{
					"name" : "opcode[4]",
					"strict" : false
				},
				{
					"name" : "opcode[6]",
					"strict" : false
				},
				{
					"name" : "opcode[7]",
					"strict" : false
				}
			]
		}
	]
}