{
	"partitions" : [
		{
			"name" : "Top",
			"pins" : [
				{
					"name" : "PC_out[0]",
					"strict" : false
				},
				{
					"name" : "PC_out[1]",
					"strict" : false
				},
				{
					"name" : "PC_out[2]",
					"strict" : false
				},
				{
					"name" : "PC_out[3]",
					"strict" : false
				},
				{
					"name" : "PC_out[4]",
					"strict" : false
				},
				{
					"name" : "PC_out[5]",
					"strict" : false
				},
				{
					"name" : "PC_out[6]",
					"strict" : false
				},
				{
					"name" : "PC_out[7]",
					"strict" : false
				},
				{
					"name" : "PC_out[8]",
					"strict" : false
				},
				{
					"name" : "PC_out[9]",
					"strict" : false
				},
				{
					"name" : "PC_out[10]",
					"strict" : false
				},
				{
					"name" : "PC_out[11]",
					"strict" : false
				},
				{
					"name" : "PC_out[12]",
					"strict" : false
				},
				{
					"name" : "PC_out[13]",
					"strict" : false
				},
				{
					"name" : "PC_out[14]",
					"strict" : false
				},
				{
					"name" : "PC_out[15]",
					"strict" : false
				},
				{
					"name" : "PC_out[16]",
					"strict" : false
				},
				{
					"name" : "PC_out[17]",
					"strict" : false
				},
				{
					"name" : "PC_out[18]",
					"strict" : false
				},
				{
					"name" : "PC_out[19]",
					"strict" : false
				},
				{
					"name" : "PC_out[20]",
					"strict" : false
				},
				{
					"name" : "PC_out[21]",
					"strict" : false
				},
				{
					"name" : "PC_out[22]",
					"strict" : false
				},
				{
					"name" : "PC_out[23]",
					"strict" : false
				},
				{
					"name" : "PC_out[24]",
					"strict" : false
				},
				{
					"name" : "PC_out[25]",
					"strict" : false
				},
				{
					"name" : "PC_out[26]",
					"strict" : false
				},
				{
					"name" : "PC_out[27]",
					"strict" : false
				},
				{
					"name" : "PC_out[28]",
					"strict" : false
				},
				{
					"name" : "PC_out[29]",
					"strict" : false
				},
				{
					"name" : "PC_out[30]",
					"strict" : false
				},
				{
					"name" : "PC_out[31]",
					"strict" : false
				},
				{
					"name" : "instruction_out[0]",
					"strict" : false
				},
				{
					"name" : "instruction_out[1]",
					"strict" : false
				},
				{
					"name" : "instruction_out[2]",
					"strict" : false
				},
				{
					"name" : "instruction_out[3]",
					"strict" : false
				},
				{
					"name" : "instruction_out[4]",
					"strict" : false
				},
				{
					"name" : "instruction_out[5]",
					"strict" : false
				},
				{
					"name" : "instruction_out[6]",
					"strict" : false
				},
				{
					"name" : "instruction_out[7]",
					"strict" : false
				},
				{
					"name" : "instruction_out[8]",
					"strict" : false
				},
				{
					"name" : "instruction_out[9]",
					"strict" : false
				},
				{
					"name" : "instruction_out[10]",
					"strict" : false
				},
				{
					"name" : "instruction_out[11]",
					"strict" : false
				},
				{
					"name" : "instruction_out[12]",
					"strict" : false
				},
				{
					"name" : "instruction_out[13]",
					"strict" : false
				},
				{
					"name" : "instruction_out[14]",
					"strict" : false
				},
				{
					"name" : "instruction_out[15]",
					"strict" : false
				},
				{
					"name" : "instruction_out[16]",
					"strict" : false
				},
				{
					"name" : "instruction_out[17]",
					"strict" : false
				},
				{
					"name" : "instruction_out[18]",
					"strict" : false
				},
				{
					"name" : "instruction_out[19]",
					"strict" : false
				},
				{
					"name" : "instruction_out[20]",
					"strict" : false
				},
				{
					"name" : "instruction_out[21]",
					"strict" : false
				},
				{
					"name" : "instruction_out[22]",
					"strict" : false
				},
				{
					"name" : "instruction_out[23]",
					"strict" : false
				},
				{
					"name" : "instruction_out[24]",
					"strict" : false
				},
				{
					"name" : "instruction_out[25]",
					"strict" : false
				},
				{
					"name" : "instruction_out[26]",
					"strict" : false
				},
				{
					"name" : "instruction_out[27]",
					"strict" : false
				},
				{
					"name" : "instruction_out[28]",
					"strict" : false
				},
				{
					"name" : "instruction_out[29]",
					"strict" : false
				},
				{
					"name" : "instruction_out[30]",
					"strict" : false
				},
				{
					"name" : "instruction_out[31]",
					"strict" : false
				},
				{
					"name" : "Read_reg1_out[0]",
					"strict" : false
				},
				{
					"name" : "Read_reg1_out[1]",
					"strict" : false
				},
				{
					"name" : "Read_reg1_out[2]",
					"strict" : false
				},
				{
					"name" : "Read_reg1_out[3]",
					"strict" : false
				},
				{
					"name" : "Read_reg1_out[4]",
					"strict" : false
				},
				{
					"name" : "Read_reg2_out[0]",
					"strict" : false
				},
				{
					"name" : "Read_reg2_out[1]",
					"strict" : false
				},
				{
					"name" : "Read_reg2_out[2]",
					"strict" : false
				},
				{
					"name" : "Read_reg2_out[3]",
					"strict" : false
				},
				{
					"name" : "Read_reg2_out[4]",
					"strict" : false
				},
				{
					"name" : "Write_reg_out[0]",
					"strict" : false
				},
				{
					"name" : "Write_reg_out[1]",
					"strict" : false
				},
				{
					"name" : "Write_reg_out[2]",
					"strict" : false
				},
				{
					"name" : "Write_reg_out[3]",
					"strict" : false
				},
				{
					"name" : "Write_reg_out[4]",
					"strict" : false
				},
				{
					"name" : "Read_data1_out[0]",
					"strict" : false
				},
				{
					"name" : "Read_data1_out[1]",
					"strict" : false
				},
				{
					"name" : "Read_data1_out[2]",
					"strict" : false
				},
				{
					"name" : "Read_data1_out[3]",
					"strict" : false
				},
				{
					"name" : "Read_data1_out[4]",
					"strict" : false
				},
				{
					"name" : "Read_data1_out[5]",
					"strict" : false
				},
				{
					"name" : "Read_data1_out[6]",
					"strict" : false
				},
				{
					"name" : "Read_data1_out[7]",
					"strict" : false
				},
				{
					"name" : "Read_data1_out[8]",
					"strict" : false
				},
				{
					"name" : "Read_data1_out[9]",
					"strict" : false
				},
				{
					"name" : "Read_data1_out[10]",
					"strict" : false
				},
				{
					"name" : "Read_data1_out[11]",
					"strict" : false
				},
				{
					"name" : "Read_data1_out[12]",
					"strict" : false
				},
				{
					"name" : "Read_data1_out[13]",
					"strict" : false
				},
				{
					"name" : "Read_data1_out[14]",
					"strict" : false
				},
				{
					"name" : "Read_data1_out[15]",
					"strict" : false
				},
				{
					"name" : "Read_data1_out[16]",
					"strict" : false
				},
				{
					"name" : "Read_data1_out[17]",
					"strict" : false
				},
				{
					"name" : "Read_data1_out[18]",
					"strict" : false
				},
				{
					"name" : "Read_data1_out[19]",
					"strict" : false
				},
				{
					"name" : "Read_data1_out[20]",
					"strict" : false
				},
				{
					"name" : "Read_data1_out[21]",
					"strict" : false
				},
				{
					"name" : "Read_data1_out[22]",
					"strict" : false
				},
				{
					"name" : "Read_data1_out[23]",
					"strict" : false
				},
				{
					"name" : "Read_data1_out[24]",
					"strict" : false
				},
				{
					"name" : "Read_data1_out[25]",
					"strict" : false
				},
				{
					"name" : "Read_data1_out[26]",
					"strict" : false
				},
				{
					"name" : "Read_data1_out[27]",
					"strict" : false
				},
				{
					"name" : "Read_data1_out[28]",
					"strict" : false
				},
				{
					"name" : "Read_data1_out[29]",
					"strict" : false
				},
				{
					"name" : "Read_data1_out[30]",
					"strict" : false
				},
				{
					"name" : "Read_data1_out[31]",
					"strict" : false
				},
				{
					"name" : "Read_data2_out[0]",
					"strict" : false
				},
				{
					"name" : "Read_data2_out[1]",
					"strict" : false
				},
				{
					"name" : "Read_data2_out[2]",
					"strict" : false
				},
				{
					"name" : "Read_data2_out[3]",
					"strict" : false
				},
				{
					"name" : "Read_data2_out[4]",
					"strict" : false
				},
				{
					"name" : "Read_data2_out[5]",
					"strict" : false
				},
				{
					"name" : "Read_data2_out[6]",
					"strict" : false
				},
				{
					"name" : "Read_data2_out[7]",
					"strict" : false
				},
				{
					"name" : "Read_data2_out[8]",
					"strict" : false
				},
				{
					"name" : "Read_data2_out[9]",
					"strict" : false
				},
				{
					"name" : "Read_data2_out[10]",
					"strict" : false
				},
				{
					"name" : "Read_data2_out[11]",
					"strict" : false
				},
				{
					"name" : "Read_data2_out[12]",
					"strict" : false
				},
				{
					"name" : "Read_data2_out[13]",
					"strict" : false
				},
				{
					"name" : "Read_data2_out[14]",
					"strict" : false
				},
				{
					"name" : "Read_data2_out[15]",
					"strict" : false
				},
				{
					"name" : "Read_data2_out[16]",
					"strict" : false
				},
				{
					"name" : "Read_data2_out[17]",
					"strict" : false
				},
				{
					"name" : "Read_data2_out[18]",
					"strict" : false
				},
				{
					"name" : "Read_data2_out[19]",
					"strict" : false
				},
				{
					"name" : "Read_data2_out[20]",
					"strict" : false
				},
				{
					"name" : "Read_data2_out[21]",
					"strict" : false
				},
				{
					"name" : "Read_data2_out[22]",
					"strict" : false
				},
				{
					"name" : "Read_data2_out[23]",
					"strict" : false
				},
				{
					"name" : "Read_data2_out[24]",
					"strict" : false
				},
				{
					"name" : "Read_data2_out[25]",
					"strict" : false
				},
				{
					"name" : "Read_data2_out[26]",
					"strict" : false
				},
				{
					"name" : "Read_data2_out[27]",
					"strict" : false
				},
				{
					"name" : "Read_data2_out[28]",
					"strict" : false
				},
				{
					"name" : "Read_data2_out[29]",
					"strict" : false
				},
				{
					"name" : "Read_data2_out[30]",
					"strict" : false
				},
				{
					"name" : "Read_data2_out[31]",
					"strict" : false
				},
				{
					"name" : "Write_data_out[0]",
					"strict" : false
				},
				{
					"name" : "Write_data_out[1]",
					"strict" : false
				},
				{
					"name" : "Write_data_out[2]",
					"strict" : false
				},
				{
					"name" : "Write_data_out[3]",
					"strict" : false
				},
				{
					"name" : "Write_data_out[4]",
					"strict" : false
				},
				{
					"name" : "Write_data_out[5]",
					"strict" : false
				},
				{
					"name" : "Write_data_out[6]",
					"strict" : false
				},
				{
					"name" : "Write_data_out[7]",
					"strict" : false
				},
				{
					"name" : "Write_data_out[8]",
					"strict" : false
				},
				{
					"name" : "Write_data_out[9]",
					"strict" : false
				},
				{
					"name" : "Write_data_out[10]",
					"strict" : false
				},
				{
					"name" : "Write_data_out[11]",
					"strict" : false
				},
				{
					"name" : "Write_data_out[12]",
					"strict" : false
				},
				{
					"name" : "Write_data_out[13]",
					"strict" : false
				},
				{
					"name" : "Write_data_out[14]",
					"strict" : false
				},
				{
					"name" : "Write_data_out[15]",
					"strict" : false
				},
				{
					"name" : "Write_data_out[16]",
					"strict" : false
				},
				{
					"name" : "Write_data_out[17]",
					"strict" : false
				},
				{
					"name" : "Write_data_out[18]",
					"strict" : false
				},
				{
					"name" : "Write_data_out[19]",
					"strict" : false
				},
				{
					"name" : "Write_data_out[20]",
					"strict" : false
				},
				{
					"name" : "Write_data_out[21]",
					"strict" : false
				},
				{
					"name" : "Write_data_out[22]",
					"strict" : false
				},
				{
					"name" : "Write_data_out[23]",
					"strict" : false
				},
				{
					"name" : "Write_data_out[24]",
					"strict" : false
				},
				{
					"name" : "Write_data_out[25]",
					"strict" : false
				},
				{
					"name" : "Write_data_out[26]",
					"strict" : false
				},
				{
					"name" : "Write_data_out[27]",
					"strict" : false
				},
				{
					"name" : "Write_data_out[28]",
					"strict" : false
				},
				{
					"name" : "Write_data_out[29]",
					"strict" : false
				},
				{
					"name" : "Write_data_out[30]",
					"strict" : false
				},
				{
					"name" : "Write_data_out[31]",
					"strict" : false
				},
				{
					"name" : "slow_clock",
					"strict" : false
				},
				{
					"name" : "reset",
					"strict" : false
				},
				{
					"name" : "fast_clock",
					"strict" : false
				}
			]
		}
	]
}